City,Barangay,Population
Manila,Barangay 1,"2,995"
Manila,Barangay 2,"1,887"
Manila,Barangay 3,"1,341"
Manila,Barangay 4,"1,691"
Manila,Barangay 5,"1,288"
Manila,Barangay 6,771
Manila,Barangay 7,"1,560"
Manila,Barangay 8,147
Manila,Barangay 9,447
Manila,Barangay 10,160
Manila,Barangay 11,"2,758"
Manila,Barangay 12,"2,137"
Manila,Barangay 13,"2,371"
Manila,Barangay 14,"2,070"
Manila,Barangay 15,"1,119"
Manila,Barangay 16,"1,477"
Manila,Barangay 17,"1,176"
Manila,Barangay 18,"1,982"
Manila,Barangay 19,"2,272"
Manila,Barangay 20,"45,772"
Manila,Barangay 25,"2,545"
Manila,Barangay 26,"2,555"
Manila,Barangay 28,"2,787"
Manila,Barangay 29,"4,406"
Manila,Barangay 30,166
Manila,Barangay 31,"2,881"
Manila,Barangay 32,"2,219"
Manila,Barangay 33,"4,082"
Manila,Barangay 34,"1,854"
Manila,Barangay 35,"2,265"
Manila,Barangay 36,"2,231"
Manila,Barangay 37,"2,057"
Manila,Barangay 38,"2,870"
Manila,Barangay 39,"2,324"
Manila,Barangay 41,"3,825"
Manila,Barangay 42,"2,142"
Manila,Barangay 43,"3,362"
Manila,Barangay 44,800
Manila,Barangay 45,"2,264"
Manila,Barangay 46,"2,088"
Manila,Barangay 47,"1,123"
Manila,Barangay 48,"4,070"
Manila,Barangay 49,"2,119"
Manila,Barangay 50,"4,217"
Manila,Barangay 51,"2,580"
Manila,Barangay 52,"2,732"
Manila,Barangay 53,"2,916"
Manila,Barangay 54,"1,648"
Manila,Barangay 55,"2,492"
Manila,Barangay 56,"3,457"
Manila,Barangay 57,882
Manila,Barangay 58,"3,719"
Manila,Barangay 59,"1,112"
Manila,Barangay 60,"4,503"
Manila,Barangay 61,"1,022"
Manila,Barangay 62,"1,967"
Manila,Barangay 63,"1,448"
Manila,Barangay 64,495
Manila,Barangay 65,"1,631"
Manila,Barangay 66,"2,956"
Manila,Barangay 67,"4,083"
Manila,Barangay 68,"1,115"
Manila,Barangay 69,"1,968"
Manila,Barangay 70,"2,344"
Manila,Barangay 71,"3,417"
Manila,Barangay 72,"3,233"
Manila,Barangay 73,"2,478"
Manila,Barangay 74,"1,039"
Manila,Barangay 75,"1,350"
Manila,Barangay 76,"1,844"
Manila,Barangay 77,"1,372"
Manila,Barangay 78,"1,221"
Manila,Barangay 79,"1,520"
Manila,Barangay 80,"2,553"
Manila,Barangay 81,"1,815"
Manila,Barangay 82,"2,642"
Manila,Barangay 83,"1,473"
Manila,Barangay 84,"1,141"
Manila,Barangay 85,"4,032"
Manila,Barangay 86,"1,415"
Manila,Barangay 87,"1,633"
Manila,Barangay 88,"1,096"
Manila,Barangay 89,720
Manila,Barangay 90,630
Manila,Barangay 91,"4,552"
Manila,Barangay 92,"2,639"
Manila,Barangay 93,"3,960"
Manila,Barangay 94,"2,178"
Manila,Barangay 95,"5,543"
Manila,Barangay 96,"2,100"
Manila,Barangay 97,"3,634"
Manila,Barangay 98,"1,899"
Manila,Barangay 99,"6,310"
Manila,Barangay 100,"2,222"
Manila,Barangay 101,"15,358"
Manila,Barangay 102,"4,157"
Manila,Barangay 103,"4,772"
Manila,Barangay 104,"5,741"
Manila,Barangay 105,"24,971"
Manila,Barangay 106,"2,513"
Manila,Barangay 107,"7,003"
Manila,Barangay 108,"5,391"
Manila,Barangay 109,"3,254"
Manila,Barangay 110,"2,677"
Manila,Barangay 111,"2,661"
Manila,Barangay 112,"5,593"
Manila,Barangay 116,"5,943"
Manila,Barangay 117,"4,160"
Manila,Barangay 118,"10,840"
Manila,Barangay 119,"2,345"
Manila,Barangay 120,"3,873"
Manila,Barangay 121,"4,511"
Manila,Barangay 122,"3,824"
Manila,Barangay 123,"8,660"
Manila,Barangay 124,159
Manila,Barangay 125,"4,510"
Manila,Barangay 126,"1,162"
Manila,Barangay 127,565
Manila,Barangay 128,"23,702"
Manila,Barangay 129,"5,716"
Manila,Barangay 130,"1,758"
Manila,Barangay 131,"1,621"
Manila,Barangay 132,925
Manila,Barangay 133,"2,115"
Manila,Barangay 134,"1,058"
Manila,Barangay 135,"1,935"
Manila,Barangay 136,"1,197"
Manila,Barangay 137,911
Manila,Barangay 138,"2,939"
Manila,Barangay 139,371
Manila,Barangay 140,543
Manila,Barangay 141,529
Manila,Barangay 142,"1,710"
Manila,Barangay 143,"1,401"
Manila,Barangay 144,880
Manila,Barangay 145,"1,029"
Manila,Barangay 146,"2,895"
Manila,Barangay 147,"2,275"
Manila,Barangay 148,"2,333"
Manila,Barangay 149,"1,554"
Manila,Barangay 150,"2,277"
Manila,Barangay 151,"1,639"
Manila,Barangay 152,"6,218"
Manila,Barangay 153,"2,051"
Manila,Barangay 154,948
Manila,Barangay 155,"3,257"
Manila,Barangay 156,"1,615"
Manila,Barangay 157,"1,505"
Manila,Barangay 158,"1,934"
Manila,Barangay 159,"1,558"
Manila,Barangay 160,"1,256"
Manila,Barangay 161,"1,004"
Manila,Barangay 162,556
Manila,Barangay 163,"3,840"
Manila,Barangay 164,"1,807"
Manila,Barangay 165,"1,014"
Manila,Barangay 166,882
Manila,Barangay 167,926
Manila,Barangay 168,"1,387"
Manila,Barangay 169,914
Manila,Barangay 170,"1,378"
Manila,Barangay 171,"1,124"
Manila,Barangay 172,"1,210"
Manila,Barangay 173,"1,616"
Manila,Barangay 174,715
Manila,Barangay 175,988
Manila,Barangay 176,"1,278"
Manila,Barangay 177,"3,308"
Manila,Barangay 178,"1,519"
Manila,Barangay 179,"1,021"
Manila,Barangay 180,"2,145"
Manila,Barangay 181,"2,773"
Manila,Barangay 182,"3,936"
Manila,Barangay 183,"8,424"
Manila,Barangay 184,"3,311"
Manila,Barangay 185,"3,532"
Manila,Barangay 186,"1,678"
Manila,Barangay 187,886
Manila,Barangay 188,865
Manila,Barangay 189,"1,481"
Manila,Barangay 190,"1,232"
Manila,Barangay 191,703
Manila,Barangay 192,"1,878"
Manila,Barangay 193,979
Manila,Barangay 194,775
Manila,Barangay 195,"1,401"
Manila,Barangay 196,"1,631"
Manila,Barangay 197,523
Manila,Barangay 198,"5,032"
Manila,Barangay 199,"3,471"
Manila,Barangay 200,"1,666"
Manila,Barangay 201,"1,152"
Manila,Barangay 202,"1,420"
Manila,Barangay 202-A,"1,213"
Manila,Barangay 203,"2,462"
Manila,Barangay 204,"2,684"
Manila,Barangay 205,"1,760"
Manila,Barangay 206,"2,433"
Manila,Barangay 207,"1,541"
Manila,Barangay 208,635
Manila,Barangay 209,"5,075"
Manila,Barangay 210,"3,212"
Manila,Barangay 211,"2,007"
Manila,Barangay 212,"2,675"
Manila,Barangay 213,"3,231"
Manila,Barangay 214,"1,577"
Manila,Barangay 215,"3,106"
Manila,Barangay 216,"2,431"
Manila,Barangay 217,"1,263"
Manila,Barangay 218,321
Manila,Barangay 219,"1,080"
Manila,Barangay 220,"1,270"
Manila,Barangay 221,"3,353"
Manila,Barangay 222,"2,040"
Manila,Barangay 223,"1,629"
Manila,Barangay 224,"1,069"
Manila,Barangay 225,"2,419"
Manila,Barangay 226,"1,562"
Manila,Barangay 227,"1,836"
Manila,Barangay 228,"3,010"
Manila,Barangay 229,"1,545"
Manila,Barangay 230,"2,364"
Manila,Barangay 231,"1,888"
Manila,Barangay 232,"1,778"
Manila,Barangay 233,735
Manila,Barangay 234,"1,945"
Manila,Barangay 235,"1,557"
Manila,Barangay 236,801
Manila,Barangay 237,452
Manila,Barangay 238,364
Manila,Barangay 239,"1,785"
Manila,Barangay 240,56
Manila,Barangay 241,447
Manila,Barangay 242,448
Manila,Barangay 243,436
Manila,Barangay 244,640
Manila,Barangay 245,281
Manila,Barangay 246,"1,254"
Manila,Barangay 247,737
Manila,Barangay 248,503
Manila,Barangay 249,"1,610"
Manila,Barangay 250,"1,182"
Manila,Barangay 251,"1,181"
Manila,Barangay 252,910
Manila,Barangay 253,"1,329"
Manila,Barangay 254,"3,713"
Manila,Barangay 255,"1,086"
Manila,Barangay 256,"1,030"
Manila,Barangay 257,"1,308"
Manila,Barangay 258,"1,181"
Manila,Barangay 259,"2,090"
Manila,Barangay 260,"1,645"
Manila,Barangay 261,735
Manila,Barangay 262,"1,736"
Manila,Barangay 263,"1,306"
Manila,Barangay 264,"2,443"
Manila,Barangay 265,125
Manila,Barangay 266,"1,665"
Manila,Barangay 267,"1,952"
Manila,Barangay 287,"2,546"
Manila,Barangay 288,"2,538"
Manila,Barangay 289,"1,017"
Manila,Barangay 290,"1,093"
Manila,Barangay 291,"2,279"
Manila,Barangay 292,"2,846"
Manila,Barangay 293,"3,565"
Manila,Barangay 294,"1,881"
Manila,Barangay 295,"1,531"
Manila,Barangay 296,"1,195"
Manila,Barangay 383,"2,267"
Manila,Barangay 384,"3,511"
Manila,Barangay 385,"3,406"
Manila,Barangay 386,"1,213"
Manila,Barangay 387,"2,654"
Manila,Barangay 388,"1,260"
Manila,Barangay 389,"1,174"
Manila,Barangay 390,792
Manila,Barangay 391,"2,558"
Manila,Barangay 392,695
Manila,Barangay 393,"4,073"
Manila,Barangay 394,"1,433"
Manila,Barangay 306,"1,248"
Manila,Barangay 307,"1,378"
Manila,Barangay 308,"1,033"
Manila,Barangay 309,"1,151"
Manila,Barangay 268,489
Manila,Barangay 269,904
Manila,Barangay 270,918
Manila,Barangay 271,633
Manila,Barangay 272,"1,064"
Manila,Barangay 273,825
Manila,Barangay 274,"1,944"
Manila,Barangay 275,"19,809"
Manila,Barangay 276,"2,543"
Manila,Barangay 281,"2,288"
Manila,Barangay 282,"2,458"
Manila,Barangay 283,"1,345"
Manila,Barangay 284,961
Manila,Barangay 285,"2,066"
Manila,Barangay 286,"4,710"
Manila,Barangay 297,"2,005"
Manila,Barangay 298,"1,020"
Manila,Barangay 299,"1,300"
Manila,Barangay 300,981
Manila,Barangay 301,448
Manila,Barangay 302,654
Manila,Barangay 303,641
Manila,Barangay 304,298
Manila,Barangay 305,645
Manila,Barangay 310,"13,602"
Manila,Barangay 311,"2,401"
Manila,Barangay 312,"3,328"
Manila,Barangay 313,"2,848"
Manila,Barangay 314,"2,064"
Manila,Barangay 315,"1,786"
Manila,Barangay 316,829
Manila,Barangay 317,"1,542"
Manila,Barangay 318,740
Manila,Barangay 319,"1,209"
Manila,Barangay 320,"1,300"
Manila,Barangay 321,240
Manila,Barangay 322,799
Manila,Barangay 323,"1,060"
Manila,Barangay 324,605
Manila,Barangay 325,522
Manila,Barangay 326,825
Manila,Barangay 327,"1,239"
Manila,Barangay 328,679
Manila,Barangay 329,439
Manila,Barangay 330,"2,244"
Manila,Barangay 331,924
Manila,Barangay 332,582
Manila,Barangay 333,877
Manila,Barangay 334,"1,461"
Manila,Barangay 335,"1,350"
Manila,Barangay 336,"2,134"
Manila,Barangay 337,"1,386"
Manila,Barangay 338,"1,378"
Manila,Barangay 339,"1,265"
Manila,Barangay 340,"2,009"
Manila,Barangay 341,"1,463"
Manila,Barangay 342,"1,634"
Manila,Barangay 343,"2,209"
Manila,Barangay 344,536
Manila,Barangay 345,"1,149"
Manila,Barangay 346,"1,511"
Manila,Barangay 347,"1,266"
Manila,Barangay 348,"1,249"
Manila,Barangay 349,788
Manila,Barangay 350,"6,776"
Manila,Barangay 351,"3,401"
Manila,Barangay 352,"1,342"
Manila,Barangay 353,"2,232"
Manila,Barangay 354,"1,810"
Manila,Barangay 355,970
Manila,Barangay 356,505
Manila,Barangay 357,736
Manila,Barangay 358,"1,029"
Manila,Barangay 359,410
Manila,Barangay 360,741
Manila,Barangay 361,715
Manila,Barangay 362,252
Manila,Barangay 363,559
Manila,Barangay 364,"1,985"
Manila,Barangay 365,"1,278"
Manila,Barangay 366,"1,193"
Manila,Barangay 367,"1,708"
Manila,Barangay 368,"1,337"
Manila,Barangay 369,"1,396"
Manila,Barangay 370,772
Manila,Barangay 371,842
Manila,Barangay 372,"4,136"
Manila,Barangay 373,"3,788"
Manila,Barangay 374,"3,277"
Manila,Barangay 375,"3,909"
Manila,Barangay 376,930
Manila,Barangay 377,578
Manila,Barangay 378,602
Manila,Barangay 379,654
Manila,Barangay 380,921
Manila,Barangay 381,"1,591"
Manila,Barangay 382,896
Manila,Barangay 395,"1,222"
Manila,Barangay 396,"1,666"
Manila,Barangay 397,"4,175"
Manila,Barangay 398,"3,068"
Manila,Barangay 399,"1,068"
Manila,Barangay 400,"1,504"
Manila,Barangay 401,"2,333"
Manila,Barangay 402,"2,758"
Manila,Barangay 403,630
Manila,Barangay 404,723
Manila,Barangay 405,999
Manila,Barangay 406,449
Manila,Barangay 407,"1,571"
Manila,Barangay 408,"1,768"
Manila,Barangay 409,"1,921"
Manila,Barangay 410,"2,424"
Manila,Barangay 411,"1,903"
Manila,Barangay 412,"1,890"
Manila,Barangay 413,"1,702"
Manila,Barangay 414,"1,716"
Manila,Barangay 415,884
Manila,Barangay 416,821
Manila,Barangay 417,"2,011"
Manila,Barangay 418,"2,835"
Manila,Barangay 419,"1,696"
Manila,Barangay 420,"3,134"
Manila,Barangay 421,"1,474"
Manila,Barangay 422,"2,304"
Manila,Barangay 423,"1,307"
Manila,Barangay 424,"1,900"
Manila,Barangay 425,"2,087"
Manila,Barangay 426,"1,786"
Manila,Barangay 427,495
Manila,Barangay 428,"1,304"
Manila,Barangay 429,"2,814"
Manila,Barangay 430,508
Manila,Barangay 431,700
Manila,Barangay 432,"3,436"
Manila,Barangay 433,464
Manila,Barangay 434,"1,173"
Manila,Barangay 435,592
Manila,Barangay 436,964
Manila,Barangay 437,899
Manila,Barangay 438,712
Manila,Barangay 439,"1,052"
Manila,Barangay 440,"1,004"
Manila,Barangay 441,856
Manila,Barangay 442,670
Manila,Barangay 443,"1,382"
Manila,Barangay 444,941
Manila,Barangay 445,931
Manila,Barangay 446,"1,002"
Manila,Barangay 447,"1,454"
Manila,Barangay 448,"1,375"
Manila,Barangay 449,"1,402"
Manila,Barangay 450,"1,835"
Manila,Barangay 451,"1,027"
Manila,Barangay 452,"1,039"
Manila,Barangay 453,"1,492"
Manila,Barangay 454,"1,153"
Manila,Barangay 455,"1,274"
Manila,Barangay 456,"1,530"
Manila,Barangay 457,"2,445"
Manila,Barangay 458,"1,462"
Manila,Barangay 459,752
Manila,Barangay 460,789
Manila,Barangay 461,863
Manila,Barangay 462,"1,528"
Manila,Barangay 463,830
Manila,Barangay 464,"2,954"
Manila,Barangay 465,762
Manila,Barangay 466,"1,237"
Manila,Barangay 467,"1,160"
Manila,Barangay 468,"1,300"
Manila,Barangay 469,"1,956"
Manila,Barangay 470,"2,260"
Manila,Barangay 471,"1,415"
Manila,Barangay 472,"1,122"
Manila,Barangay 473,"1,383"
Manila,Barangay 474,"1,655"
Manila,Barangay 475,"1,664"
Manila,Barangay 476,"1,268"
Manila,Barangay 477,"1,045"
Manila,Barangay 478,"1,129"
Manila,Barangay 479,"2,307"
Manila,Barangay 480,810
Manila,Barangay 481,"1,004"
Manila,Barangay 482,701
Manila,Barangay 483,"1,369"
Manila,Barangay 484,"1,777"
Manila,Barangay 485,"1,337"
Manila,Barangay 486,969
Manila,Barangay 487,"1,457"
Manila,Barangay 488,783
Manila,Barangay 489,"1,142"
Manila,Barangay 490,471
Manila,Barangay 491,813
Manila,Barangay 492,"1,107"
Manila,Barangay 493,"1,170"
Manila,Barangay 494,"2,318"
Manila,Barangay 495,"1,906"
Manila,Barangay 496,"1,177"
Manila,Barangay 497,"1,489"
Manila,Barangay 498,"1,033"
Manila,Barangay 499,"1,498"
Manila,Barangay 500,"2,562"
Manila,Barangay 501,845
Manila,Barangay 502,815
Manila,Barangay 503,"1,183"
Manila,Barangay 504,"1,312"
Manila,Barangay 505,"1,200"
Manila,Barangay 506,668
Manila,Barangay 507,"1,532"
Manila,Barangay 508,"1,006"
Manila,Barangay 509,"1,260"
Manila,Barangay 510,"1,134"
Manila,Barangay 511,"1,338"
Manila,Barangay 512,"2,473"
Manila,Barangay 513,"2,033"
Manila,Barangay 514,"2,283"
Manila,Barangay 515,"2,166"
Manila,Barangay 516,"1,087"
Manila,Barangay 517,"1,029"
Manila,Barangay 518,"1,908"
Manila,Barangay 519,"1,311"
Manila,Barangay 520,631
Manila,Barangay 521,"2,244"
Manila,Barangay 522,"1,091"
Manila,Barangay 523,"1,115"
Manila,Barangay 524,865
Manila,Barangay 525,"1,784"
Manila,Barangay 526,790
Manila,Barangay 527,"2,134"
Manila,Barangay 528,"1,433"
Manila,Barangay 529,935
Manila,Barangay 530,483
Manila,Barangay 531,956
Manila,Barangay 532,987
Manila,Barangay 533,913
Manila,Barangay 534,"1,096"
Manila,Barangay 535,"1,035"
Manila,Barangay 536,944
Manila,Barangay 537,"1,085"
Manila,Barangay 538,821
Manila,Barangay 539,"1,846"
Manila,Barangay 540,"1,951"
Manila,Barangay 541,485
Manila,Barangay 542,802
Manila,Barangay 543,822
Manila,Barangay 544,164
Manila,Barangay 545,883
Manila,Barangay 546,892
Manila,Barangay 547,"1,059"
Manila,Barangay 548,749
Manila,Barangay 549,867
Manila,Barangay 550,992
Manila,Barangay 551,959
Manila,Barangay 552,937
Manila,Barangay 553,"1,430"
Manila,Barangay 554,"1,551"
Manila,Barangay 555,"1,138"
Manila,Barangay 556,822
Manila,Barangay 557,"1,262"
Manila,Barangay 558,"1,260"
Manila,Barangay 559,"1,285"
Manila,Barangay 560,"1,103"
Manila,Barangay 561,"2,332"
Manila,Barangay 562,"2,583"
Manila,Barangay 563,"1,526"
Manila,Barangay 564,"1,430"
Manila,Barangay 565,"2,464"
Manila,Barangay 566,"2,160"
Manila,Barangay 567,"2,318"
Manila,Barangay 568,"1,847"
Manila,Barangay 569,"2,086"
Manila,Barangay 570,"2,002"
Manila,Barangay 571,"2,097"
Manila,Barangay 572,"1,856"
Manila,Barangay 573,947
Manila,Barangay 574,"1,479"
Manila,Barangay 575,"1,007"
Manila,Barangay 576,"3,603"
Manila,Barangay 577,985
Manila,Barangay 578,"1,100"
Manila,Barangay 579,"1,703"
Manila,Barangay 580,"2,008"
Manila,Barangay 581,"2,461"
Manila,Barangay 582,"1,563"
Manila,Barangay 583,"1,278"
Manila,Barangay 584,"3,411"
Manila,Barangay 585,"1,090"
Manila,Barangay 586,"5,105"
Manila,Barangay 587,"2,920"
Manila,Barangay 587-A,"1,277"
Manila,Barangay 588,989
Manila,Barangay 589,660
Manila,Barangay 590,"3,209"
Manila,Barangay 591,"2,498"
Manila,Barangay 592,"2,371"
Manila,Barangay 593,"1,775"
Manila,Barangay 594,636
Manila,Barangay 595,"4,198"
Manila,Barangay 596,"2,375"
Manila,Barangay 597,"1,672"
Manila,Barangay 598,"12,027"
Manila,Barangay 599,"4,272"
Manila,Barangay 600,"5,892"
Manila,Barangay 601,"7,759"
Manila,Barangay 602,"2,000"
Manila,Barangay 603,712
Manila,Barangay 604,"1,477"
Manila,Barangay 605,"1,751"
Manila,Barangay 606,532
Manila,Barangay 607,"1,782"
Manila,Barangay 608,756
Manila,Barangay 609,"1,046"
Manila,Barangay 610,968
Manila,Barangay 611,808
Manila,Barangay 612,703
Manila,Barangay 613,568
Manila,Barangay 614,404
Manila,Barangay 615,"1,828"
Manila,Barangay 616,910
Manila,Barangay 617,921
Manila,Barangay 618,740
Manila,Barangay 619,"1,283"
Manila,Barangay 620,725
Manila,Barangay 621,"1,787"
Manila,Barangay 622,"1,197"
Manila,Barangay 623,954
Manila,Barangay 624,"1,429"
Manila,Barangay 625,"1,027"
Manila,Barangay 626,"1,285"
Manila,Barangay 627,"1,605"
Manila,Barangay 628,"15,202"
Manila,Barangay 629,"1,633"
Manila,Barangay 630,"4,660"
Manila,Barangay 631,"1,254"
Manila,Barangay 632,254
Manila,Barangay 633,447
Manila,Barangay 634,"1,319"
Manila,Barangay 635,660
Manila,Barangay 636,"2,135"
Manila,Barangay 637,"1,295"
Manila,Barangay 638,545
Manila,Barangay 639,490
Manila,Barangay 640,"2,145"
Manila,Barangay 641,763
Manila,Barangay 642,"1,279"
Manila,Barangay 643,657
Manila,Barangay 644,729
Manila,Barangay 645,"1,704"
Manila,Barangay 646,918
Manila,Barangay 647,"2,440"
Manila,Barangay 648,"5,634"
Manila,Barangay 659,361
Manila,Barangay 659-A,"2,607"
Manila,Barangay 660,332
Manila,Barangay 660-A,"2,457"
Manila,Barangay 661,441
Manila,Barangay 666,810
Manila,Barangay 667,"2,371"
Manila,Barangay 668,"2,645"
Manila,Barangay 669,"2,928"
Manila,Barangay 670,"2,774"
Manila,Barangay 663,604
Manila,Barangay 663-A,403
Manila,Barangay 664,456
Manila,Barangay 654,"1,042"
Manila,Barangay 655,"1,607"
Manila,Barangay 656,364
Manila,Barangay 657,982
Manila,Barangay 658,"2,108"
Manila,Barangay 689,733
Manila,Barangay 690,496
Manila,Barangay 691,409
Manila,Barangay 692,"1,329"
Manila,Barangay 693,511
Manila,Barangay 694,"1,281"
Manila,Barangay 695,654
Manila,Barangay 696,"2,420"
Manila,Barangay 697,"1,967"
Manila,Barangay 698,"1,736"
Manila,Barangay 699,"3,193"
Manila,Barangay 700,138
Manila,Barangay 701,"2,695"
Manila,Barangay 702,"3,342"
Manila,Barangay 703,114
Manila,Barangay 704,"5,299"
Manila,Barangay 705,"2,683"
Manila,Barangay 706,296
Manila,Barangay 707,"1,052"
Manila,Barangay 708,753
Manila,Barangay 709,"4,154"
Manila,Barangay 710,559
Manila,Barangay 711,"1,294"
Manila,Barangay 712,"1,068"
Manila,Barangay 713,"1,964"
Manila,Barangay 714,"1,371"
Manila,Barangay 715,180
Manila,Barangay 716,920
Manila,Barangay 717,479
Manila,Barangay 718,"1,155"
Manila,Barangay 719,"6,690"
Manila,Barangay 720,"1,238"
Manila,Barangay 721,577
Manila,Barangay 722,641
Manila,Barangay 723,540
Manila,Barangay 724,"2,338"
Manila,Barangay 725,"1,409"
Manila,Barangay 726,595
Manila,Barangay 727,"1,790"
Manila,Barangay 728,840
Manila,Barangay 729,871
Manila,Barangay 730,"1,539"
Manila,Barangay 731,"2,916"
Manila,Barangay 732,"1,974"
Manila,Barangay 733,"4,303"
Manila,Barangay 738,"3,047"
Manila,Barangay 739,"4,530"
Manila,Barangay 740,"4,138"
Manila,Barangay 741,"1,207"
Manila,Barangay 742,807
Manila,Barangay 743,"1,607"
Manila,Barangay 744,"1,223"
Manila,Barangay 688,"1,212"
Manila,Barangay 735,"2,063"
Manila,Barangay 736,"3,806"
Manila,Barangay 737,"2,209"
Manila,Barangay 734,902
Manila,Barangay 662,"1,601"
Manila,Barangay 664-A,640
Manila,Barangay 671,"1,227"
Manila,Barangay 672,"3,133"
Manila,Barangay 673,"2,764"
Manila,Barangay 674,"1,398"
Manila,Barangay 675,"1,988"
Manila,Barangay 676,"1,431"
Manila,Barangay 677,"1,591"
Manila,Barangay 678,"1,294"
Manila,Barangay 679,931
Manila,Barangay 680,968
Manila,Barangay 681,"1,094"
Manila,Barangay 682,822
Manila,Barangay 683,784
Manila,Barangay 684,"2,730"
Manila,Barangay 685,"1,044"
Manila,Barangay 809,"1,189"
Manila,Barangay 810,"2,293"
Manila,Barangay 811,"2,332"
Manila,Barangay 812,"1,703"
Manila,Barangay 813,"1,001"
Manila,Barangay 814,"2,196"
Manila,Barangay 815,"1,374"
Manila,Barangay 816,781
Manila,Barangay 817,"1,716"
Manila,Barangay 818,"1,388"
Manila,Barangay 819,"2,007"
Manila,Barangay 820,"1,417"
Manila,Barangay 821,"1,995"
Manila,Barangay 822,897
Manila,Barangay 823,"3,002"
Manila,Barangay 824,"1,302"
Manila,Barangay 825,388
Manila,Barangay 826,"1,760"
Manila,Barangay 827,"2,661"
Manila,Barangay 828,"2,658"
Manila,Barangay 829,"4,226"
Manila,Barangay 830,"5,191"
Manila,Barangay 831,"3,350"
Manila,Barangay 832,"2,888"
Manila,Barangay 686,"3,250"
Manila,Barangay 687,"1,434"
Manila,Barangay 833,"1,504"
Manila,Barangay 834,"1,733"
Manila,Barangay 835,"2,706"
Manila,Barangay 836,"5,317"
Manila,Barangay 837,"3,039"
Manila,Barangay 838,"2,969"
Manila,Barangay 839,"2,007"
Manila,Barangay 840,"2,541"
Manila,Barangay 841,"2,250"
Manila,Barangay 842,"2,812"
Manila,Barangay 843,"8,744"
Manila,Barangay 844,"3,500"
Manila,Barangay 845,"1,309"
Manila,Barangay 846,"1,848"
Manila,Barangay 847,"2,883"
Manila,Barangay 848,"1,586"
Manila,Barangay 849,"1,849"
Manila,Barangay 850,"2,456"
Manila,Barangay 851,"1,052"
Manila,Barangay 852,"1,118"
Manila,Barangay 853,505
Manila,Barangay 855,"2,142"
Manila,Barangay 856,"1,611"
Manila,Barangay 857,"1,894"
Manila,Barangay 858,665
Manila,Barangay 859,"1,355"
Manila,Barangay 860,"3,214"
Manila,Barangay 861,"1,072"
Manila,Barangay 862,"2,419"
Manila,Barangay 863,"1,481"
Manila,Barangay 864,813
Manila,Barangay 865,79
Manila,Barangay 867,"2,116"
Manila,Barangay 868,"2,850"
Manila,Barangay 870,"3,049"
Manila,Barangay 871,"2,407"
Manila,Barangay 872,"1,864"
Manila,Barangay 869,"2,010"
Manila,Barangay 649,"64,750"
Manila,Barangay 650,"5,202"
Manila,Barangay 651,"2,556"
Manila,Barangay 652,39
Manila,Barangay 653,58
Manila,Barangay 745,"2,015"
Manila,Barangay 746,"1,663"
Manila,Barangay 747,369
Manila,Barangay 748,812
Manila,Barangay 749,616
Manila,Barangay 750,"1,107"
Manila,Barangay 751,"1,541"
Manila,Barangay 752,763
Manila,Barangay 753,"2,380"
Manila,Barangay 755,"1,372"
Manila,Barangay 756,721
Manila,Barangay 757,477
Manila,Barangay 758,399
Manila,Barangay 759,787
Manila,Barangay 760,"1,041"
Manila,Barangay 761,"1,062"
Manila,Barangay 762,365
Manila,Barangay 763,"1,779"
Manila,Barangay 764,"2,022"
Manila,Barangay 765,"2,075"
Manila,Barangay 766,"3,101"
Manila,Barangay 767,"5,429"
Manila,Barangay 768,"1,147"
Manila,Barangay 769,"1,997"
Manila,Barangay 770,"9,651"
Manila,Barangay 771,"1,813"
Manila,Barangay 772,"2,426"
Manila,Barangay 773,"2,748"
Manila,Barangay 774,"2,878"
Manila,Barangay 775,"12,084"
Manila,Barangay 776,"4,592"
Manila,Barangay 777,"3,011"
Manila,Barangay 778,"1,848"
Manila,Barangay 779,"4,444"
Manila,Barangay 780,"2,316"
Manila,Barangay 781,"4,275"
Manila,Barangay 782,"1,483"
Manila,Barangay 783,"2,145"
Manila,Barangay 784,"3,386"
Manila,Barangay 785,932
Manila,Barangay 786,"1,439"
Manila,Barangay 787,"3,622"
Manila,Barangay 788,969
Manila,Barangay 789,"1,620"
Manila,Barangay 790,"1,741"
Manila,Barangay 791,"2,029"
Manila,Barangay 792,"2,559"
Manila,Barangay 793,"1,722"
Manila,Barangay 794,710
Manila,Barangay 795,"1,157"
Manila,Barangay 796,631
Manila,Barangay 797,244
Manila,Barangay 798,"1,562"
Manila,Barangay 799,544
Manila,Barangay 800,"1,558"
Manila,Barangay 801,614
Manila,Barangay 802,"1,787"
Manila,Barangay 803,"1,705"
Manila,Barangay 804,"1,251"
Manila,Barangay 805,"1,237"
Manila,Barangay 806,"1,603"
Manila,Barangay 807,"2,010"
Manila,Barangay 866,"3,835"
Manila,Barangay 873,"1,248"
Manila,Barangay 874,"2,016"
Manila,Barangay 875,"1,022"
Manila,Barangay 876,574
Manila,Barangay 877,"1,813"
Manila,Barangay 878,960
Manila,Barangay 879,538
Manila,Barangay 880,"3,417"
Manila,Barangay 881,"2,325"
Manila,Barangay 882,"1,298"
Manila,Barangay 883,"2,199"
Manila,Barangay 884,"2,216"
Manila,Barangay 885,623
Manila,Barangay 886,384
Manila,Barangay 887,665
Manila,Barangay 888,837
Manila,Barangay 889,864
Manila,Barangay 890,"1,049"
Manila,Barangay 891,760
Manila,Barangay 892,"1,144"
Manila,Barangay 893,662
Manila,Barangay 894,"1,885"
Manila,Barangay 895,556
Manila,Barangay 896,"1,265"
Manila,Barangay 897,"2,166"
Manila,Barangay 898,"7,596"
Manila,Barangay 899,"1,562"
Manila,Barangay 900,"8,581"
Manila,Barangay 901,"1,610"
Manila,Barangay 902,"1,328"
Manila,Barangay 903,"3,691"
Manila,Barangay 904,"1,797"
Manila,Barangay 905,"7,385"
Manila,Barangay 754,"2,584"
Manila,Barangay 808,"2,183"
Manila,Barangay 818-A,"1,574"
Mandaluyong,Addition Hills,"108,896"
Mandaluyong,Bagong Silang,"4,939"
Mandaluyong,Barangka Drive,"15,474"
Mandaluyong,Barangka Ibaba,"9,040"
Mandaluyong,Barangka Ilaya,"22,334"
Mandaluyong,Barangka Itaas,"11,242"
Mandaluyong,Burol,"2,650"
Mandaluyong,Buayang Bato,"2,913"
Mandaluyong,Daang Bakal,"4,529"
Mandaluyong,Hagdang Bato Itaas,"10,267"
Mandaluyong,Hagdang Bato Libis,"6,715"
Mandaluyong,Harapin Ang Bukas,"4,244"
Mandaluyong,Highway Hills,"43,267"
Mandaluyong,Hulo,"31,335"
Mandaluyong,Mabini-J. Rizal,"7,882"
Mandaluyong,Malamig,"12,054"
Mandaluyong,Mauway,"25,800"
Mandaluyong,Namayan,"7,670"
Mandaluyong,New Zañiga,"8,444"
Mandaluyong,Old Zañiga,"6,636"
Mandaluyong,Pag-asa,"4,195"
Mandaluyong,Plainview,"29,378"
Mandaluyong,Pleasant Hills,"6,003"
Mandaluyong,Poblacion,"16,333"
Mandaluyong,San Jose,"8,483"
Mandaluyong,Vergara,"4,357"
Mandaluyong,Wack-wack Greenhills,"10,678"
Marikina,Barangka,"16,639"
Marikina,Calumpang,"15,602"
Marikina,Concepcion Uno,"44,683"
Marikina,Jesus De La Peña,"10,201"
Marikina,Malanday,"53,886"
Marikina,Nangka,"43,368"
Marikina,Parang,"40,240"
Marikina,San Roque,"16,949"
Marikina,Santa Elena (Pob.),"7,403"
Marikina,Santo Niño,"28,849"
Marikina,Tañong,"8,902"
Marikina,Concepcion Dos,"24,023"
Marikina,Marikina Heights (Concepcion),"42,761"
Marikina,Industrial Valley,"16,461"
Marikina,Fortune,"38,624"
Marikina,Tumana,"47,468"
Pasig,Bagong Ilog,"20,344"
Pasig,Bagong Katipunan,879
Pasig,Bambang,"20,801"
Pasig,Buting,"10,348"
Pasig,Caniogan,"28,086"
Pasig,Dela Paz,"19,804"
Pasig,Kalawaan,"32,145"
Pasig,Kapasigan,"4,774"
Pasig,Kapitolyo,"9,203"
Pasig,Malinao,"4,817"
Pasig,Manggahan,"88,078"
Pasig,Maybunga,"45,555"
Pasig,Oranbo,"3,267"
Pasig,Palatiw,"27,499"
Pasig,Pinagbuhatan,"163,598"
Pasig,Pineda,"19,499"
Pasig,Rosario,"73,979"
Pasig,Sagad,"6,036"
Pasig,San Antonio,"11,727"
Pasig,San Joaquin,"13,823"
Pasig,San Jose,"1,814"
Pasig,San Miguel,"40,199"
Pasig,San Nicolas (Pob.),"2,602"
Pasig,Santa Cruz,"5,610"
Pasig,Santa Rosa,"1,015"
Pasig,Santo Tomas,"12,904"
Pasig,Santolan,"57,933"
Pasig,Sumilang,"4,334"
Pasig,Ugong,"28,737"
Pasig,Santa Lucia,"43,749"
Quezon City,Alicia,"6,119"
Quezon City,Amihan,"3,513"
Quezon City,Apolonio Samson,"33,629"
Quezon City,Aurora,"4,221"
Quezon City,Baesa,"55,328"
Quezon City,Bagbag,"64,653"
Quezon City,Bagumbuhay,"6,681"
Quezon City,Bagong Lipunan Ng Crame,"13,630"
Quezon City,Bagong Pag-asa,"29,389"
Quezon City,Bagong Silangan,"106,886"
Quezon City,Bagumbayan,"22,147"
Quezon City,Bahay Toro,"59,639"
Quezon City,Balingasa,"19,260"
Quezon City,Bayanihan,613
Quezon City,Blue Ridge A,"1,534"
Quezon City,Blue Ridge B,"1,071"
Quezon City,Botocan,"7,501"
Quezon City,Bungad,"7,014"
Quezon City,Camp Aguinaldo,"3,269"
Quezon City,Central,"19,331"
Quezon City,Claro,"3,885"
Quezon City,Commonwealth,"213,229"
Quezon City,New Era,"14,105"
Quezon City,Kristong Hari,"6,055"
Quezon City,Culiat,"67,804"
Quezon City,Damar,952
Quezon City,Damayan,"6,007"
Quezon City,Damayang Lagi,"19,466"
Quezon City,Del Monte,"10,595"
Quezon City,Dioquino Zobel,"1,805"
Quezon City,Doña Imelda,"11,724"
Quezon City,Doña Josefa,"1,857"
Quezon City,Don Manuel,"1,728"
Quezon City,Duyan-duyan,"3,357"
Quezon City,E. Rodriguez,"17,363"
Quezon City,East Kamias,"6,395"
Quezon City,Escopa I,"2,110"
Quezon City,Escopa II,"1,683"
Quezon City,Escopa III,"7,985"
Quezon City,Escopa IV,"1,837"
Quezon City,Fairview,"61,813"
Quezon City,N. S. Amoranto (Gintong Silahis),"5,952"
Quezon City,Gulod,"62,542"
Quezon City,Horseshoe,"2,866"
Quezon City,Immaculate Concepcion,"8,169"
Quezon City,Kaligayahan,"60,462"
Quezon City,Kalusugan,"4,786"
Quezon City,Kamuning,"14,258"
Quezon City,Katipunan,"10,508"
Quezon City,Kaunlaran,"12,387"
Quezon City,Krus Na Ligas,"21,287"
Quezon City,Laging Handa,"4,812"
Quezon City,Libis,"4,208"
Quezon City,Lourdes,"4,523"
Quezon City,Loyola Heights,"21,140"
Quezon City,Maharlika,"4,349"
Quezon City,Malaya,"2,605"
Quezon City,Manresa,"17,224"
Quezon City,Mangga,913
Quezon City,Mariana,"11,967"
Quezon City,Mariblo,"3,433"
Quezon City,Marilag,"12,555"
Quezon City,Masagana,"4,166"
Quezon City,Masambong,"8,800"
Quezon City,Santo Domingo (Matalahib),"11,476"
Quezon City,Matandang Balara,"69,475"
Quezon City,Milagrosa,"6,775"
Quezon City,Nagkaisang Nayon,"53,781"
Quezon City,Nayong Kanluran,"2,456"
Quezon City,Novaliches Proper,"15,468"
Quezon City,Obrero,"9,500"
Quezon City,Old Capitol Site,"1,319"
Quezon City,Paang Bundok,"4,806"
Quezon City,Pag-ibig Sa Nayon,"5,918"
Quezon City,Paligsahan,"3,518"
Quezon City,Paltok,"18,124"
Quezon City,Pansol,"35,254"
Quezon City,Paraiso,"3,537"
Quezon City,Pasong Putik Proper (Pasong Putik),"39,896"
Quezon City,Pasong Tamo,"110,738"
Quezon City,Phil-Am,"2,524"
Quezon City,Pinyahan,"21,868"
Quezon City,Pinagkaisahan,"4,366"
Quezon City,Project 6,"11,899"
Quezon City,Quirino 2-A,"4,622"
Quezon City,Quirino 2-B,"3,938"
Quezon City,Quirino 2-C,"3,189"
Quezon City,Quirino 3-A,"1,070"
Quezon City,Ramon Magsaysay,"14,321"
Quezon City,Roxas,"10,670"
Quezon City,Sacred Heart,"6,089"
Quezon City,Saint Ignatius,"2,054"
Quezon City,Saint Peter,"4,049"
Quezon City,Salvacion,"6,681"
Quezon City,San Agustin,"25,355"
Quezon City,San Antonio,"22,229"
Quezon City,San Bartolome,"51,148"
Quezon City,San Isidro,"6,550"
Quezon City,San Isidro Labrador,"6,247"
Quezon City,San Jose,"5,844"
Quezon City,San Martin De Porres,"11,632"
Quezon City,San Roque,"19,093"
Quezon City,San Vicente,"7,160"
Quezon City,Santa Cruz,"3,945"
Quezon City,Santa Lucia,"28,215"
Quezon City,Santa Monica,"51,834"
Quezon City,Santa Teresita,"11,776"
Quezon City,Santo Cristo,"25,783"
Quezon City,Santo Niño,"7,070"
Quezon City,Santol,"6,410"
Quezon City,Sauyo,"76,289"
Quezon City,Sienna,"2,072"
Quezon City,Sikatuna Village,"6,121"
Quezon City,Silangan,"4,831"
Quezon City,Socorro,"22,227"
Quezon City,South Triangle,"14,494"
Quezon City,Tagumpay,"2,257"
Quezon City,Talayan,"4,402"
Quezon City,Talipapa,"38,949"
Quezon City,Tandang Sora,"83,114"
Quezon City,Tatalon,"55,404"
Quezon City,Teachers Village East,"2,401"
Quezon City,Teachers Village West,"2,986"
Quezon City,U.P. Campus,"47,127"
Quezon City,U.P. Village,"3,167"
Quezon City,Ugong Norte,"6,301"
Quezon City,Unang Sigaw,"6,508"
Quezon City,Valencia,"10,900"
Quezon City,Vasra,"7,345"
Quezon City,Veterans Village,"12,755"
Quezon City,Villa Maria Clara,"2,442"
Quezon City,West Kamias,"4,055"
Quezon City,West Triangle,"2,431"
Quezon City,White Plains,"3,558"
Quezon City,Balong Bato,"6,991"
Quezon City,Capri,"12,903"
Quezon City,Sangandaan,"21,061"
Quezon City,Payatas,"139,740"
Quezon City,Batasan Hills,"166,572"
Quezon City,Holy Spirit,"111,901"
Quezon City,Greater Lagro,"23,569"
Quezon City,North Fairview,"44,408"
San Juan,Addition Hills,"3,818"
San Juan,Balong-Bato,"7,203"
San Juan,Batis,"9,453"
San Juan,Corazon De Jesus,"7,875"
San Juan,Ermitaño,"6,361"
San Juan,Halo-halo (St. Joseph),"2,135"
San Juan,Isabelita,"1,556"
San Juan,Kabayanan,"5,601"
San Juan,Little Baguio,"6,275"
San Juan,Maytunas,"2,775"
San Juan,Onse,"3,736"
San Juan,Pasadeña,"4,417"
San Juan,Pedro Cruz,"4,135"
San Juan,Progreso,"1,669"
San Juan,Rivera,"2,381"
San Juan,Salapan,"8,865"
San Juan,San Perfecto,"4,618"
San Juan,Santa Lucia,"8,092"
San Juan,Tibagan,"3,817"
San Juan,West Crame,"16,353"
San Juan,Greenhills,"15,212"
Caloocan,Barangay 1,"2,319"
Caloocan,Barangay 2,"5,156"
Caloocan,Barangay 3,"2,497"
Caloocan,Barangay 4,"2,875"
Caloocan,Barangay 5,"3,083"
Caloocan,Barangay 6,"1,190"
Caloocan,Barangay 7,"2,608"
Caloocan,Barangay 8,"23,399"
Caloocan,Barangay 9,"1,866"
Caloocan,Barangay 10,"1,485"
Caloocan,Barangay 11,"1,230"
Caloocan,Barangay 12,"34,309"
Caloocan,Barangay 13,"1,074"
Caloocan,Barangay 14,"21,906"
Caloocan,Barangay 15,"1,424"
Caloocan,Barangay 16,"3,550"
Caloocan,Barangay 17,"3,419"
Caloocan,Barangay 18,"10,932"
Caloocan,Barangay 19,"3,655"
Caloocan,Barangay 20,"7,892"
Caloocan,Barangay 21,"2,787"
Caloocan,Barangay 22,"5,653"
Caloocan,Barangay 23,"2,736"
Caloocan,Barangay 24,"2,498"
Caloocan,Barangay 25,"1,611"
Caloocan,Barangay 26,"3,734"
Caloocan,Barangay 27,"4,121"
Caloocan,Barangay 28,"33,091"
Caloocan,Barangay 29,"1,603"
Caloocan,Barangay 30,"3,498"
Caloocan,Barangay 31,"3,666"
Caloocan,Barangay 32,"2,864"
Caloocan,Barangay 33,"5,464"
Caloocan,Barangay 34,"6,445"
Caloocan,Barangay 35,"23,173"
Caloocan,Barangay 36,"4,115"
Caloocan,Barangay 37,"2,845"
Caloocan,Barangay 38,"3,854"
Caloocan,Barangay 39,891
Caloocan,Barangay 40,963
Caloocan,Barangay 41,903
Caloocan,Barangay 42,715
Caloocan,Barangay 43,"3,521"
Caloocan,Barangay 44,529
Caloocan,Barangay 45,311
Caloocan,Barangay 46,"1,454"
Caloocan,Barangay 47,559
Caloocan,Barangay 48,606
Caloocan,Barangay 49,"4,095"
Caloocan,Barangay 50,"1,005"
Caloocan,Barangay 51,765
Caloocan,Barangay 52,"1,279"
Caloocan,Barangay 53,876
Caloocan,Barangay 54,572
Caloocan,Barangay 55,"1,442"
Caloocan,Barangay 56,"2,464"
Caloocan,Barangay 57,756
Caloocan,Barangay 58,493
Caloocan,Barangay 59,"3,808"
Caloocan,Barangay 60,"1,792"
Caloocan,Barangay 61,996
Caloocan,Barangay 62,244
Caloocan,Barangay 63,"2,988"
Caloocan,Barangay 64,"1,550"
Caloocan,Barangay 65,"1,300"
Caloocan,Barangay 66,"2,206"
Caloocan,Barangay 67,"2,320"
Caloocan,Barangay 68,"1,106"
Caloocan,Barangay 69,"3,173"
Caloocan,Barangay 70,"4,411"
Caloocan,Barangay 71,777
Caloocan,Barangay 72,46
Caloocan,Barangay 73,"17,649"
Caloocan,Barangay 74,"3,864"
Caloocan,Barangay 75,"2,207"
Caloocan,Barangay 76,2
Caloocan,Barangay 77,822
Caloocan,Barangay 78,"1,818"
Caloocan,Barangay 79,631
Caloocan,Barangay 80,"1,904"
Caloocan,Barangay 81,"1,894"
Caloocan,Barangay 82,"1,758"
Caloocan,Barangay 83,"1,251"
Caloocan,Barangay 84,"1,257"
Caloocan,Barangay 85,989
Caloocan,Barangay 86,"1,109"
Caloocan,Barangay 87,"1,385"
Caloocan,Barangay 88,"2,202"
Caloocan,Barangay 89,"1,057"
Caloocan,Barangay 90,"1,518"
Caloocan,Barangay 91,610
Caloocan,Barangay 92,620
Caloocan,Barangay 93,"3,267"
Caloocan,Barangay 94,776
Caloocan,Barangay 95,"2,242"
Caloocan,Barangay 96,"1,366"
Caloocan,Barangay 97,"1,537"
Caloocan,Barangay 98,"1,761"
Caloocan,Barangay 99,677
Caloocan,Barangay 100,983
Caloocan,Barangay 101,"2,517"
Caloocan,Barangay 102,"1,033"
Caloocan,Barangay 103,175
Caloocan,Barangay 104,899
Caloocan,Barangay 105,"2,216"
Caloocan,Barangay 106,358
Caloocan,Barangay 107,709
Caloocan,Barangay 108,668
Caloocan,Barangay 109,743
Caloocan,Barangay 110,435
Caloocan,Barangay 111,"1,472"
Caloocan,Barangay 112,"1,133"
Caloocan,Barangay 113,228
Caloocan,Barangay 114,988
Caloocan,Barangay 115,"1,051"
Caloocan,Barangay 116,"1,018"
Caloocan,Barangay 117,"1,751"
Caloocan,Barangay 118,"5,836"
Caloocan,Barangay 119,857
Caloocan,Barangay 120,"8,269"
Caloocan,Barangay 121,271
Caloocan,Barangay 122,"2,249"
Caloocan,Barangay 123,710
Caloocan,Barangay 124,387
Caloocan,Barangay 125,"1,293"
Caloocan,Barangay 126,"1,194"
Caloocan,Barangay 127,"2,380"
Caloocan,Barangay 128,"2,050"
Caloocan,Barangay 129,"1,558"
Caloocan,Barangay 130,"2,527"
Caloocan,Barangay 131,"2,187"
Caloocan,Barangay 132,"7,961"
Caloocan,Barangay 133,"5,587"
Caloocan,Barangay 134,982
Caloocan,Barangay 135,627
Caloocan,Barangay 136,399
Caloocan,Barangay 137,934
Caloocan,Barangay 138,"1,429"
Caloocan,Barangay 139,"3,505"
Caloocan,Barangay 140,797
Caloocan,Barangay 141,"3,253"
Caloocan,Barangay 142,"3,889"
Caloocan,Barangay 143,"3,434"
Caloocan,Barangay 144,"4,533"
Caloocan,Barangay 145,"4,705"
Caloocan,Barangay 146,"3,180"
Caloocan,Barangay 147,"3,687"
Caloocan,Barangay 148,"3,704"
Caloocan,Barangay 149,"5,255"
Caloocan,Barangay 150,"4,439"
Caloocan,Barangay 151,"5,177"
Caloocan,Barangay 152,"4,236"
Caloocan,Barangay 153,"3,706"
Caloocan,Barangay 154,"3,958"
Caloocan,Barangay 155,"3,613"
Caloocan,Barangay 156,"6,236"
Caloocan,Barangay 157,"3,151"
Caloocan,Barangay 158,"2,003"
Caloocan,Barangay 159,"5,477"
Caloocan,Barangay 160,"16,828"
Caloocan,Barangay 161,"9,718"
Caloocan,Barangay 162,"16,103"
Caloocan,Barangay 163,"14,491"
Caloocan,Barangay 164,"19,471"
Caloocan,Barangay 165,"26,622"
Caloocan,Barangay 166,"20,985"
Caloocan,Barangay 167,"57,041"
Caloocan,Barangay 168,"35,729"
Caloocan,Barangay 169,"4,887"
Caloocan,Barangay 170,"12,901"
Caloocan,Barangay 171,"111,713"
Caloocan,Barangay 172,"22,829"
Caloocan,Barangay 173,"15,165"
Caloocan,Barangay 174,"25,000"
Caloocan,Barangay 175,"71,726"
Caloocan,Barangay 176,"261,729"
Caloocan,Barangay 177,"84,159"
Caloocan,Barangay 178,"110,224"
Caloocan,Barangay 179,"46,828"
Caloocan,Barangay 180,"18,802"
Caloocan,Barangay 181,"22,269"
Caloocan,Barangay 182,"9,269"
Caloocan,Barangay 183,"7,354"
Caloocan,Barangay 184,"2,919"
Caloocan,Barangay 185,"27,169"
Caloocan,Barangay 186,"25,346"
Caloocan,Barangay 187,"25,046"
Caloocan,Barangay 188,"32,543"
Malabon,Acacia,"4,959"
Malabon,Baritan,"12,148"
Malabon,Bayan-bayanan,"6,705"
Malabon,Catmon,"44,868"
Malabon,Concepcion,"12,704"
Malabon,Dampalit,"13,514"
Malabon,Flores,"3,830"
Malabon,Hulong Duhat,"11,892"
Malabon,Ibaba,"8,041"
Malabon,Longos,"55,424"
Malabon,Maysilo,"10,445"
Malabon,Muzon,"5,908"
Malabon,Niugan,"7,192"
Malabon,Panghulo,"17,746"
Malabon,Potrero,"42,311"
Malabon,San Agustin,"10,804"
Malabon,Santolan,"13,461"
Malabon,Tañong (Pob.),"14,461"
Malabon,Tinajeros,"18,411"
Malabon,Tonsuya,"40,172"
Malabon,Tugatog,"25,526"
Navotas,Sipac-Almacen,"9,163"
Navotas,Bagumbayan North,"1,677"
Navotas,Bagumbayan South,"4,331"
Navotas,Bangculasi,"8,344"
Navotas,Daanghari,"14,348"
Navotas,Navotas East,"2,126"
Navotas,Navotas West,"6,367"
Navotas,North Bay Boulevard North,"14,743"
Navotas,NBBS Kaunlaran,"21,916"
Navotas,San Jose (Pob.),"23,950"
Navotas,San Rafael Village,"3,489"
Navotas,San Roque,"19,361"
Navotas,Tangos South,"18,359"
Navotas,Tanza 1,"15,319"
Navotas,NBBS Dagat-dagatan,"32,681"
Navotas,NBBS Proper,"18,217"
Navotas,Tangos North,"17,514"
Navotas,Tanza 2,"15,638"
Valenzuela,Arkong Bato,"11,358"
Valenzuela,Bagbaguin,"15,195"
Valenzuela,Balangkas,"14,318"
Valenzuela,Parada,"21,001"
Valenzuela,Bignay,"49,716"
Valenzuela,Bisig,"1,432"
Valenzuela,Canumay West (Canumay),"26,901"
Valenzuela,Karuhatan,"41,275"
Valenzuela,Coloong,"12,550"
Valenzuela,Dalandanan,"23,640"
Valenzuela,Hen. T. De Leon,"95,809"
Valenzuela,Isla,"5,160"
Valenzuela,Lawang Bato,"23,786"
Valenzuela,Lingunan,"24,088"
Valenzuela,Mabolo,831
Valenzuela,Malanday,"19,060"
Valenzuela,Malinta,"52,107"
Valenzuela,Mapulang Lupa,"30,360"
Valenzuela,Marulas,"59,339"
Valenzuela,Maysan,"23,081"
Valenzuela,Palasan,"6,598"
Valenzuela,Pariancillo Villa,"1,949"
Valenzuela,Paso De Blas,"12,530"
Valenzuela,Pasolo,"8,150"
Valenzuela,Poblacion,221
Valenzuela,Pulo,"1,126"
Valenzuela,Punturin,"24,437"
Valenzuela,Rincon,"6,940"
Valenzuela,Tagalag,"3,400"
Valenzuela,Ugong,"55,494"
Valenzuela,Viente Reales,"24,399"
Valenzuela,Wawang Pulo,"4,070"
Valenzuela,Canumay East (Canumay),"14,657"
Las Pinas,Almanza Uno,"36,232"
Las Pinas,Daniel Fajardo,"10,629"
Las Pinas,Elias Aldana,"10,275"
Las Pinas,Ilaya,"7,103"
Las Pinas,Manuyo Uno,"14,794"
Las Pinas,Pamplona Uno,"19,085"
Las Pinas,Pulang Lupa Uno,"38,405"
Las Pinas,Talon Uno,"42,505"
Las Pinas,Zapote,"20,851"
Las Pinas,Almanza Dos,"37,432"
Las Pinas,B. F. International Village,"81,739"
Las Pinas,Manuyo Dos,"44,351"
Las Pinas,Pamplona Dos,"9,141"
Las Pinas,Pamplona Tres,"35,098"
Las Pinas,Pilar,"29,780"
Las Pinas,Pulang Lupa Dos,"32,485"
Las Pinas,Talon Dos,"43,978"
Las Pinas,Talon Tres,"32,963"
Las Pinas,Talon Kuatro,"20,763"
Las Pinas,Talon Singko,"38,684"
Makati,Bangkal,"17,576"
Makati,Bel-Air,"36,007"
Makati,Cembo,"25,049"
Makati,Comembo,"15,805"
Makati,Carmona,"2,745"
Makati,Dasmariñas,"4,160"
Makati,East Rembo,"26,448"
Makati,Forbes Park,"3,715"
Makati,Guadalupe Nuevo,"20,533"
Makati,Guadalupe Viejo,"12,900"
Makati,Kasilawan,"4,827"
Makati,La Paz,"6,346"
Makati,Magallanes,"5,267"
Makati,Olympia,"18,654"
Makati,Palanan,"11,623"
Makati,Pembo,"44,506"
Makati,Pinagkaisahan,"4,710"
Makati,Pio Del Pilar,"50,722"
Makati,Pitogo,"14,654"
Makati,Poblacion,"16,706"
Makati,Post Proper Northside,"57,940"
Makati,Post Proper Southside,"63,308"
Makati,San Antonio,"17,494"
Makati,San Isidro,"6,098"
Makati,San Lorenzo,"14,054"
Makati,Santa Cruz,"6,333"
Makati,Singkamas,"7,218"
Makati,South Cembo,"14,978"
Makati,Tejeros,"15,122"
Makati,Urdaneta,"4,563"
Makati,Valenzuela,"5,370"
Makati,West Rembo,"29,649"
Makati,Rizal,"44,536"
Muntinlupa,Alabang,"71,075"
Muntinlupa,Bayanan,"39,150"
Muntinlupa,Buli,"13,341"
Muntinlupa,Cupang,"57,196"
Muntinlupa,Poblacion,"120,115"
Muntinlupa,Putatan,"99,725"
Muntinlupa,Sucat,"56,354"
Muntinlupa,Tunasan,"61,374"
Muntinlupa,New Alabang Village,"25,115"
Paranaque,Baclaran,"33,850"
Paranaque,Don Galo,"10,550"
Paranaque,La Huerta,"8,592"
Paranaque,San Dionisio,"72,522"
Paranaque,Santo Niño,"28,925"
Paranaque,Tambo,"26,928"
Paranaque,B. F. Homes,"92,752"
Paranaque,Don Bosco,"54,188"
Paranaque,Marcelo Green Village,"37,574"
Paranaque,Merville,"26,615"
Paranaque,Moonwalk,"72,520"
Paranaque,San Antonio,"70,134"
Paranaque,San Isidro,"79,372"
Paranaque,San Martin De Porres,"20,283"
Paranaque,Sun Valley,"50,087"
Paranaque,Vitalez,"5,100"
Pasay,Barangay 1,"2,275"
Pasay,Barangay 2,"1,327"
Pasay,Barangay 3,824
Pasay,Barangay 4,"2,086"
Pasay,Barangay 5,"6,081"
Pasay,Barangay 6,463
Pasay,Barangay 7,"2,676"
Pasay,Barangay 8,"1,160"
Pasay,Barangay 9,257
Pasay,Barangay 10,"1,405"
Pasay,Barangay 11,408
Pasay,Barangay 12,540
Pasay,Barangay 13,"2,646"
Pasay,Barangay 14,"4,769"
Pasay,Barangay 15,"2,328"
Pasay,Barangay 16,424
Pasay,Barangay 17,985
Pasay,Barangay 18,"1,019"
Pasay,Barangay 19,812
Pasay,Barangay 20,623
Pasay,Barangay 21,790
Pasay,Barangay 22,714
Pasay,Barangay 23,"1,419"
Pasay,Barangay 24,704
Pasay,Barangay 25,595
Pasay,Barangay 26,932
Pasay,Barangay 27,273
Pasay,Barangay 28,"1,237"
Pasay,Barangay 29,"1,429"
Pasay,Barangay 30,964
Pasay,Barangay 31,"3,544"
Pasay,Barangay 32,"1,906"
Pasay,Barangay 33,983
Pasay,Barangay 34,939
Pasay,Barangay 35,600
Pasay,Barangay 36,"3,799"
Pasay,Barangay 37,"1,529"
Pasay,Barangay 38,"1,967"
Pasay,Barangay 39,"1,290"
Pasay,Barangay 40,"2,311"
Pasay,Barangay 41,"1,591"
Pasay,Barangay 42,"1,826"
Pasay,Barangay 43,"2,620"
Pasay,Barangay 44,"1,417"
Pasay,Barangay 45,"1,672"
Pasay,Barangay 46,"5,783"
Pasay,Barangay 47,"1,207"
Pasay,Barangay 48,509
Pasay,Barangay 49,290
Pasay,Barangay 50,478
Pasay,Barangay 51,"2,159"
Pasay,Barangay 52,"2,392"
Pasay,Barangay 53,788
Pasay,Barangay 54,"1,479"
Pasay,Barangay 55,832
Pasay,Barangay 56,855
Pasay,Barangay 57,"1,361"
Pasay,Barangay 58,"1,382"
Pasay,Barangay 59,"1,657"
Pasay,Barangay 60,"1,425"
Pasay,Barangay 61,"2,503"
Pasay,Barangay 62,"1,228"
Pasay,Barangay 63,679
Pasay,Barangay 64,"1,582"
Pasay,Barangay 65,"2,932"
Pasay,Barangay 66,"2,797"
Pasay,Barangay 67,"1,104"
Pasay,Barangay 68,852
Pasay,Barangay 69,"1,153"
Pasay,Barangay 70,"2,199"
Pasay,Barangay 71,685
Pasay,Barangay 72,"1,423"
Pasay,Barangay 73,699
Pasay,Barangay 74,460
Pasay,Barangay 75,"1,326"
Pasay,Barangay 76,"19,604"
Pasay,Barangay 77,"1,107"
Pasay,Barangay 78,494
Pasay,Barangay 79,677
Pasay,Barangay 80,"1,208"
Pasay,Barangay 81,"2,129"
Pasay,Barangay 82,554
Pasay,Barangay 83,794
Pasay,Barangay 84,719
Pasay,Barangay 85,"1,285"
Pasay,Barangay 86,"1,389"
Pasay,Barangay 87,633
Pasay,Barangay 88,958
Pasay,Barangay 89,"1,003"
Pasay,Barangay 90,"1,615"
Pasay,Barangay 91,"1,881"
Pasay,Barangay 92,469
Pasay,Barangay 93,382
Pasay,Barangay 94,"2,375"
Pasay,Barangay 95,"1,132"
Pasay,Barangay 96,826
Pasay,Barangay 97,"1,361"
Pasay,Barangay 98,"1,487"
Pasay,Barangay 99,"1,111"
Pasay,Barangay 100,"1,223"
Pasay,Barangay 101,550
Pasay,Barangay 102,826
Pasay,Barangay 103,949
Pasay,Barangay 104,"1,127"
Pasay,Barangay 105,567
Pasay,Barangay 106,"1,158"
Pasay,Barangay 107,"1,561"
Pasay,Barangay 108,"2,070"
Pasay,Barangay 109,"1,122"
Pasay,Barangay 110,"1,827"
Pasay,Barangay 111,"1,279"
Pasay,Barangay 112,640
Pasay,Barangay 113,"1,800"
Pasay,Barangay 114,"1,050"
Pasay,Barangay 115,"1,240"
Pasay,Barangay 116,"1,205"
Pasay,Barangay 117,935
Pasay,Barangay 118,"1,634"
Pasay,Barangay 119,"1,622"
Pasay,Barangay 120,332
Pasay,Barangay 121,"1,007"
Pasay,Barangay 122,"1,184"
Pasay,Barangay 123,"1,284"
Pasay,Barangay 124,"1,666"
Pasay,Barangay 125,"1,508"
Pasay,Barangay 126,725
Pasay,Barangay 127,"1,799"
Pasay,Barangay 128,"1,634"
Pasay,Barangay 129,"1,209"
Pasay,Barangay 130,"4,042"
Pasay,Barangay 131,"1,427"
Pasay,Barangay 132,"5,088"
Pasay,Barangay 133,"2,221"
Pasay,Barangay 134,"1,686"
Pasay,Barangay 135,"2,768"
Pasay,Barangay 136,"2,167"
Pasay,Barangay 137,"2,994"
Pasay,Barangay 138,"1,031"
Pasay,Barangay 139,"1,065"
Pasay,Barangay 140,590
Pasay,Barangay 141,465
Pasay,Barangay 142,318
Pasay,Barangay 143,"1,390"
Pasay,Barangay 144,"2,212"
Pasay,Barangay 145,"8,758"
Pasay,Barangay 146,"1,036"
Pasay,Barangay 147,"1,459"
Pasay,Barangay 148,"3,164"
Pasay,Barangay 149,768
Pasay,Barangay 150,662
Pasay,Barangay 151,"1,175"
Pasay,Barangay 152,"1,219"
Pasay,Barangay 153,"1,367"
Pasay,Barangay 154,743
Pasay,Barangay 155,916
Pasay,Barangay 156,"3,540"
Pasay,Barangay 157,"2,242"
Pasay,Barangay 158,961
Pasay,Barangay 159,"1,301"
Pasay,Barangay 160,"1,245"
Pasay,Barangay 161,"2,834"
Pasay,Barangay 162,"1,898"
Pasay,Barangay 163,"1,467"
Pasay,Barangay 164,"1,749"
Pasay,Barangay 165,"5,472"
Pasay,Barangay 166,"1,190"
Pasay,Barangay 167,755
Pasay,Barangay 168,521
Pasay,Barangay 169,"2,825"
Pasay,Barangay 170,"1,571"
Pasay,Barangay 171,"3,390"
Pasay,Barangay 172,"4,919"
Pasay,Barangay 173,"1,814"
Pasay,Barangay 174,"1,826"
Pasay,Barangay 175,"1,952"
Pasay,Barangay 176,"1,617"
Pasay,Barangay 177,"6,235"
Pasay,Barangay 178,"3,889"
Pasay,Barangay 179,"6,692"
Pasay,Barangay 180,"2,059"
Pasay,Barangay 181,"1,883"
Pasay,Barangay 182,"2,906"
Pasay,Barangay 183,"37,372"
Pasay,Barangay 184,"14,209"
Pasay,Barangay 185,"4,639"
Pasay,Barangay 186,"3,450"
Pasay,Barangay 187,"4,629"
Pasay,Barangay 188,"2,094"
Pasay,Barangay 189,"2,431"
Pasay,Barangay 190,"4,336"
Pasay,Barangay 191,"3,406"
Pasay,Barangay 192,"4,217"
Pasay,Barangay 193,"7,430"
Pasay,Barangay 194,"4,523"
Pasay,Barangay 195,"2,449"
Pasay,Barangay 196,"1,499"
Pasay,Barangay 197,"3,854"
Pasay,Barangay 198,"1,904"
Pasay,Barangay 199,"2,044"
Pasay,Barangay 200,594
Pasay,Barangay 201,"19,788"
Pateros,Aguho,"7,322"
Pateros,Magtanggol,"1,388"
Pateros,Martires Del 96,"5,027"
Pateros,Poblacion,"2,000"
Pateros,San Pedro,"2,218"
Pateros,San Roque,"4,749"
Pateros,Santa Ana,"29,680"
Pateros,Santo Rosario-Kanluran,"5,345"
Pateros,Santo Rosario-Silangan,"4,693"
Pateros,Tabacalera,"2,805"
Taguig,Tanyag (Bagong Tanyag),"23,719"
Taguig,Bagumbayan,"49,319"
Taguig,Bambang,"13,949"
Taguig,Calzada,"28,660"
Taguig,Hagonoy,"21,693"
Taguig,Ibayo-Tipas,"25,808"
Taguig,Ligid-Tipas,"10,361"
Taguig,Lower Bicutan,"60,376"
Taguig,Maharlika Village,"23,470"
Taguig,Napindan,"24,437"
Taguig,Palingon,"16,119"
Taguig,Santa Ana,"22,581"
Taguig,Central Signal Village (Signal Village),"44,126"
Taguig,Tuktukan,"11,614"
Taguig,Upper Bicutan,"44,592"
Taguig,Ususan,"53,956"
Taguig,Wawa,"14,350"
Taguig,Western Bicutan,"87,508"
Taguig,Central Bicutan,"33,851"
Taguig,Fort Bonifacio,"11,912"
Taguig,Katuparan,"27,228"
Taguig,New Lower Bicutan,"55,928"
Taguig,North Daang Hari,"13,673"
Taguig,North Signal Village,"34,634"
Taguig,Pinagsama,"56,835"
Taguig,San Miguel,"10,528"
Taguig,South Daang Hari,"22,448"
Taguig,South Signal Village,"43,047"
